,loss,accuracy,val_loss,val_accuracy
0,0.023370925337076187,0.9904725551605225,0.0,1.0
1,0.0,1.0,0.0,1.0
2,0.0,1.0,0.0,1.0
3,0.0,1.0,0.0,1.0
4,0.0,1.0,0.0,1.0
