,loss,accuracy,val_loss,val_accuracy
0,1.3819416761398315,0.36394816637039185,4.171388149261475,0.0
1,1.2083513736724854,0.45712098479270935,3.688589572906494,0.02500000037252903
2,1.1556586027145386,0.4789433479309082,4.433856010437012,0.02031249925494194
3,1.1087909936904907,0.5137825608253479,4.403811454772949,0.05781250074505806
4,1.0689879655838013,0.526416540145874,3.8378329277038574,0.11640624701976776
