,loss,accuracy,val_loss,val_accuracy
0,0.011766678653657436,0.9908654093742371,0.0,1.0
1,0.0,1.0,0.0,1.0
2,0.0,1.0,0.0,1.0
3,0.0,1.0,0.0,1.0
4,0.0,1.0,0.0,1.0
