,loss,accuracy,val_loss,val_accuracy
0,0.7011778950691223,0.2655249536037445,0.6931483745574951,0.0
1,0.69314044713974,0.2704865634441376,0.6931480765342712,0.0
2,0.6931774616241455,0.27272728085517883,0.6931480765342712,0.0
3,0.6932865381240845,0.16697163879871368,0.6931480765342712,0.0
