,Heart,Oblong,Oval,Round,Square,accuracy,macro avg,weighted avg
precision,0.3522727272727273,0.46236559139784944,0.2555066079295154,1.0,0.0,0.3313253012048193,0.4140289853200184,0.41394539740818487
recall,0.6231155778894473,0.4365482233502538,0.58,0.02,0.0,0.3313253012048193,0.33193276024794016,0.3313253012048193
f1-score,0.4500907441016334,0.4490861618798955,0.35474006116207946,0.0392156862745098,0.0,0.3313253012048193,0.2586265306836236,0.257860623949681
support,199.0,197.0,200.0,200.0,200.0,0.3313253012048193,996.0,996.0
