,Heart,Oblong,Oval,Round,Square,accuracy,macro avg,weighted avg
precision,0.336734693877551,0.421875,0.31451612903225806,0.53,0.0,0.37248995983935745,0.32062516458196183,0.32030402097197214
recall,0.6633165829145728,0.5482233502538071,0.39,0.265,0.0,0.37248995983935745,0.37330798663367604,0.37248995983935745
f1-score,0.44670050761421315,0.4768211920529801,0.3482142857142857,0.3533333333333334,0.0,0.37248995983935745,0.32501386374296254,0.3244344374088246
support,199.0,197.0,200.0,200.0,200.0,0.37248995983935745,996.0,996.0
